Entry,Compound,Shortest distance,Filtered,Number of atoms
250211,Th0.5Ce0.5,3.60362,No,120
250162,Rh0.5Ni0.5,2.60568,No,120
250139,Th7Rh3,2.8687,No,464
250538,Th0.5Er0.5,3.55879,No,120
250536,Th0.5Gd0.5,3.59238,No,120
250192,Co0.5Pt0.5,2.66437,No,120
250140,ThRu2,2.70715,No,642
250141,ThRu,2.82535,No,148
